{
  "integrations": [
    {
      "id": "d03c0d65-926a-4583-a02b-b83709c10f53",
      "name": "Check Failed - Acknowledge",
      "action": "RUN_SCRIPT",
      "type": "OUTBOUND_WEBHOOK",
      "triggeredBy": "RESPONSE",
      "responseChoice": "Acknowledge",
      "deployed": true,
      "form": "d7e0f562-dc84-4c37-bfa8-f52a1bdb4c5e",
      "environment": "HOSTED",
      "authType": "NONE",
      "createdBy": "FLOW"
    },
    {
      "id": "d2381f1f-fc8e-4934-84bc-9f0d8f5dc687",
      "name": "Check Failed - Escalate",
      "action": "RUN_SCRIPT",
      "type": "OUTBOUND_WEBHOOK",
      "triggeredBy": "RESPONSE",
      "responseChoice": "Escalate",
      "deployed": true,
      "form": "d7e0f562-dc84-4c37-bfa8-f52a1bdb4c5e",
      "environment": "HOSTED",
      "authType": "NONE",
      "createdBy": "FLOW"
    },
    {
      "id": "ff81e580-9894-4347-9274-e41f370cab8f",
      "name": "Check Failed - Inbound from Consul",
      "action": "RUN_SCRIPT",
      "type": "INBOUND_WEBHOOK",
      "deployed": true,
      "form": "d7e0f562-dc84-4c37-bfa8-f52a1bdb4c5e",
      "environment": "HOSTED",
      "authType": "URL",
      "createdBy": "FLOW",
      "integrationScriptStepUuid": "e9298c49-5ef0-48d8-b0a6-bfdcf245a685"
    }
  ],
  "endpoints": [],
  "constants": []
}