[
  {
    "id": "e9298c49-5ef0-48d8-b0a6-bfdcf245a685",
    "name": "Inbound from Consul",
    "description": "",
    "icon": "https://s3-xmatters-static.s3.amazonaws.com/null/customers/aa4ff4cd-06da-460c-b2d0-bb34ad66da69/IMAGE__20200518183413822__consul.png",
    "script": "var payload = JSON.parse(request.body);\noutput['result'] = payload;\n\nvar pretty = function(alerts) {\n    var mrk = \"\"\n    for (var k in alerts) {\n        mrk += `<p><strong>${k}</strong></p>`\n        mrk += \"<table>\"\n        for (var key in alerts[k]) {\n            value = typeof(alerts[k][key]) == 'object' ? JSON.stringify(alerts[k][key]) : alerts[k][key];\n            mrk += `<tr><td>${key}</td><td>${value}</td></tr>`\n        }\n        mrk += \"</table>\"\n    }\n    return mrk\n}\n\n\nif (request.body == \"{}\") {\n    output['resolved'] = true;\n    output['markup'] = \"No alerts\";\n} else {\n    output['resolved'] = false;\n    output['markup'] = pretty(output['result'])\n    output['alertname'] = Object.keys(output['result']).join(\", \");\n}\n\n",
    "allowedEnvironment": "HOSTED",
    "accessibleByAll": "NotShared",
    "triggerAuthType": "URL_AUTH",
    "scriptStepType": "CUSTOM_HTTP",
    "inputs": [],
    "outputs": [
      {
        "id": "b73dc7e0-4b17-4199-a12c-221667fce004",
        "name": "result",
        "position": 0
      },
      {
        "id": "4669e7b5-bef2-41bc-9fa2-c8f0ac0632f6",
        "name": "resolved",
        "position": 1
      },
      {
        "id": "8c2e1533-3168-489d-99a5-0d4f84e1e00a",
        "name": "markup",
        "position": 2
      },
      {
        "id": "acc7042f-8081-4345-8e9d-3887aca3d38e",
        "name": "alertname",
        "position": 3
      }
    ],
    "libraries": []
  }
]