[
  {
    "baseType": 3,
    "name": "Alert",
    "defaultValue": "",
    "description": "",
    "helpText": "",
    "isSystem": false,
    "minLength": 0,
    "maxLength": 20000,
    "validationRegex": "",
    "isValidate": false,
    "uuid": "66df7cd6-c427-4606-a491-50864b5c8edf"
  },
  {
    "baseType": 3,
    "name": "Alert Name",
    "defaultValue": "",
    "description": "",
    "helpText": "",
    "isSystem": false,
    "minLength": 0,
    "maxLength": 200,
    "validationRegex": "",
    "isValidate": false,
    "uuid": "de7b3187-0741-4559-9727-22b906ce0308"
  }
]