{
  "name": "Check Failed",
  "form": "d7e0f562-dc84-4c37-bfa8-f52a1bdb4c5e",
  "blocks": [
    {
      "id": "5ac66616-4ec0-4568-b93a-6c8e79468a25",
      "label": "Acknowledge",
      "environment": "HOSTED",
      "presentation": "{}",
      "step": "d03c0d65-926a-4583-a02b-b83709c10f53",
      "stepType": "INTEGRATION"
    },
    {
      "id": "ee2de018-e107-4bed-bea8-92de9557ec3a",
      "label": "Check Failed - Inbound from Consul",
      "environment": "HOSTED",
      "presentation": "{\"w\":60,\"x\":0,\"h\":60,\"y\":234}",
      "step": "ff81e580-9894-4347-9274-e41f370cab8f",
      "stepType": "INTEGRATION"
    },
    {
      "id": "ed8936a0-ccf4-428d-a2bc-4de114a4d1c9",
      "label": "Escalate",
      "environment": "HOSTED",
      "presentation": "{}",
      "step": "d2381f1f-fc8e-4934-84bc-9f0d8f5dc687",
      "stepType": "INTEGRATION"
    },
    {
      "id": "debb5ed2-3778-4ee6-a401-48a8e13740db",
      "label": "Get Events",
      "environment": "HOSTED",
      "presentation": "{\"w\":60,\"x\":341,\"h\":60,\"y\":149}",
      "step": "f36cf6ba-2225-5cb3-831f-030a05527c72",
      "stepType": "SCRIPT_STEP",
      "inputMappings": [
        {
          "inputPort": "input",
          "mapping": "ACTIVE",
          "stepInput": "fa86536b-3508-56de-884b-503596bd64c2"
        },
        {
          "inputPort": "input",
          "mapping": "FALSE",
          "stepInput": "3bb89cc9-b89f-5291-9c54-1da7bc6c051a"
        },
        {
          "inputPort": "input",
          "mapping": "Check Failed",
          "stepInput": "a6262279-d10d-5708-a7b9-1734f8c52ec2"
        }
      ]
    },
    {
      "id": "1c48ffaf-bba6-42c9-8b92-5f1837ae8561",
      "label": "Responses",
      "environment": "HOSTED",
      "presentation": "{\"w\":100,\"x\":13,\"h\":50,\"y\":587}",
      "stepType": "RESPONSES"
    },
    {
      "id": "adaa10aa-9597-44c2-ba3b-5e4c1a93d9cc",
      "label": "Switch",
      "environment": "HOSTED",
      "presentation": "{\"w\":60,\"x\":170,\"h\":60,\"y\":85}",
      "stepType": "SWITCH",
      "inputMappings": [
        {
          "inputPort": "input",
          "mapping": "${ee2de018-e107-4bed-bea8-92de9557ec3a.resolved}"
        }
      ],
      "switchCases": [
        {
          "caseId": "82288a0e-3e03-4ed9-8b89-90934b5bab34",
          "caseValue": "true"
        }
      ]
    },
    {
      "id": "173955ee-1aba-4bf3-a71c-d769c391c681",
      "label": "Switch",
      "environment": "HOSTED",
      "presentation": "{\"w\":60,\"x\":510,\"h\":60,\"y\":0}",
      "stepType": "SWITCH",
      "inputMappings": [
        {
          "inputPort": "input",
          "mapping": "${debb5ed2-3778-4ee6-a401-48a8e13740db.Total Event Count}"
        }
      ],
      "switchCases": [
        {
          "caseId": "4b53a224-0a2b-4e8a-bfcb-ca1d22887d30",
          "caseValue": "0"
        }
      ]
    },
    {
      "id": "8235c86e-f6df-40b5-b662-3411a9dc5dce",
      "label": "Terminate Events",
      "environment": "HOSTED",
      "presentation": "{\"w\":60,\"x\":680,\"h\":60,\"y\":149}",
      "step": "798e3053-b4b4-5e8c-ba84-8a11c3be6237",
      "stepType": "SCRIPT_STEP",
      "inputMappings": [
        {
          "inputPort": "input",
          "mapping": "${debb5ed2-3778-4ee6-a401-48a8e13740db.Event IDs}",
          "stepInput": "4fdf2591-4925-5682-8911-f0163d7f98dd"
        }
      ]
    },
    {
      "id": "08280ba8-3fdc-40a8-8c47-b383173023b3",
      "label": "xMatters Create Event - Check Failed",
      "environment": "HOSTED",
      "presentation": "{\"w\":60,\"x\":340,\"h\":60,\"y\":319}",
      "step": "d7e0f562-dc84-4c37-bfa8-f52a1bdb4c5e",
      "stepType": "CREATE_EVENT",
      "inputMappings": [
        {
          "inputPort": "input",
          "mapping": "person",
          "sectionItemKey": "recipients"
        },
        {
          "inputPort": "input",
          "mapping": "${ee2de018-e107-4bed-bea8-92de9557ec3a.markup}",
          "sectionItemKey": "66df7cd6-c427-4606-a491-50864b5c8edf"
        },
        {
          "inputPort": "input",
          "mapping": "${ee2de018-e107-4bed-bea8-92de9557ec3a.alertname}",
          "sectionItemKey": "de7b3187-0741-4559-9727-22b906ce0308"
        }
      ]
    }
  ],
  "edges": [
    {
      "fromBlock": "adaa10aa-9597-44c2-ba3b-5e4c1a93d9cc",
      "fromPort": "82288a0e-3e03-4ed9-8b89-90934b5bab34",
      "toBlock": "debb5ed2-3778-4ee6-a401-48a8e13740db",
      "toPort": "input"
    },
    {
      "fromBlock": "adaa10aa-9597-44c2-ba3b-5e4c1a93d9cc",
      "fromPort": "output",
      "toBlock": "08280ba8-3fdc-40a8-8c47-b383173023b3",
      "toPort": "input"
    },
    {
      "fromBlock": "debb5ed2-3778-4ee6-a401-48a8e13740db",
      "fromPort": "output",
      "toBlock": "173955ee-1aba-4bf3-a71c-d769c391c681",
      "toPort": "input"
    },
    {
      "fromBlock": "ee2de018-e107-4bed-bea8-92de9557ec3a",
      "fromPort": "output",
      "toBlock": "adaa10aa-9597-44c2-ba3b-5e4c1a93d9cc",
      "toPort": "input"
    },
    {
      "fromBlock": "173955ee-1aba-4bf3-a71c-d769c391c681",
      "fromPort": "output",
      "toBlock": "8235c86e-f6df-40b5-b662-3411a9dc5dce",
      "toPort": "input"
    }
  ]
}